Létrehozva;Értéknap;Azonosító;Akció gombok;Gazdasági esemény;Összeg;Tartozik;Követel;Megjegyzések;
2025.01.16 10:56;2024.12.14;SZ/DIJ/1/2025;;Albetét előírás;500 000; 0336: Tagbetét előírás A1: A1; 0956: Tagbetét befizetés;-;
2025.01.16 10:56;2024.12.14;SZ/DIJ/2/2025;;Albetét előírás;500 000; 0336: Tagbetét előírás A2: A2; 0956: Tagbetét befizetés;-;
2025.01.16 10:56;2024.12.14;SZ/DIJ/3/2025;;Albetét előírás;500 000; 0336: Tagbetét előírás A3: A3; 0956: Tagbetét befizetés;-;
2025.01.16 10:56;2024.12.14;SZ/DIJ/4/2025;;Albetét előírás;500 000; 0336: Tagbetét előírás A4: A4; 0956: Tagbetét befizetés;-;
2025.01.16 10:56;2024.12.14;SZ/DIJ/5/2025;;Albetét előírás;500 000; 0336: Tagbetét előírás A5: A5; 0956: Tagbetét befizetés;-;
2025.01.16 10:56;2024.12.14;SZ/DIJ/6/2025;;Albetét előírás;500 000; 0336: Tagbetét előírás A6: A6; 0956: Tagbetét befizetés;-;
2025.01.16 11:03;2025.01.16;SZ/DIJ/7/2025;;Albetét előírás;12 500 000; 0333: Földvásárlási alap előírás A1: A1; 0953: Földvásárlási alap befizetés;-;
2025.01.16 11:03;2025.01.16;SZ/DIJ/8/2025;;Albetét előírás;12 500 000; 0333: Földvásárlási alap előírás A2: A2; 0953: Földvásárlási alap befizetés;-;
2025.01.16 11:03;2025.01.16;SZ/DIJ/9/2025;;Albetét előírás;12 500 000; 0333: Földvásárlási alap előírás A3: A3; 0953: Földvásárlási alap befizetés;-;
2025.01.16 11:03;2025.01.16;SZ/DIJ/10/2025;;Albetét előírás;12 500 000; 0333: Földvásárlási alap előírás A4: A4; 0953: Földvásárlási alap befizetés;-;
2025.01.16 12:28;2024.12.23;ATV/1/2025;;Átvezetés pénz számlák között;3 000 000; 382: Folyószámla; 3811: Pál pénztár zsebe;-;
2025.01.16 12:29;2024.12.23;NY/SZAL/1/2025;;Kiadás elszámolás;4 500; 5302: Bank költségek; 382: Folyószámla;-;
2025.01.16 12:32;2024.12.31;NY/SZAL/2/2025;;Kiadás elszámolás;255; 5302: Bank költségek; 382: Folyószámla;-;
2025.01.16 12:32;2024.12.31;NY/SZAL/3/2025;;Kiadás elszámolás;764; 5302: Bank költségek; 382: Folyószámla;-;
2025.01.16 12:35;2024.12.31;NY/VEV/2/2025;;Bevétel elszámolás;7; 382: Folyószámla; 973: Hitelintézettől kapott kamatok;-;
2025.01.16 12:35;2024.12.23;NY/VEV/1/2025;;Bevétel elszámolás;1; 382: Folyószámla; 973: Hitelintézettől kapott kamatok;-;
2025.01.16 12:41;2024.12.10;NY/SZAL/4/2025;;Kiadás elszámolás;255 000;Több számla; 3811: Pál pénztár zsebe;2024-39;
2025.01.16 12:44;2024.12.11;FIZ/DIJ/1/2025;;Albetét befizetés;395 000;Több számla;Több számla;-;
2025.01.16 12:49;2024.12.10;FIZ/DIJ/2/2025;;Albetét befizetés;255 000;Több számla;Több számla;-;
2025.01.16 12:51;2024.12.11;FIZ/DIJ/3/2025;;Albetét befizetés;500 000;Több számla;Több számla;-;
2025.01.16 12:51;2024.12.11;FIZ/DIJ/4/2025;;Albetét befizetés;245 000;Több számla;Több számla;-;
2025.01.16 12:53;2024.12.11;FIZ/DIJ/5/2025;;Albetét befizetés;500 000;Több számla;Több számla;-;
2025.01.16 12:53;2024.12.11;FIZ/DIJ/6/2025;;Albetét befizetés;500 000;Több számla;Több számla;-;
2025.01.16 12:55;2024.12.10;NY/SZAL/5/2025;;Kiadás elszámolás;105 000;Több számla; 3812: Dániel pénztár zsebe;-;
2025.01.16 13:03;2024.12.10;FIZ/DIJ/7/2025;;Albetét befizetés;105 000;Több számla;Több számla;-;
2025.01.16 15:41;2024.12.14;SZ/DIJ/11/2025;;Albetét előírás;172 000;Több számla;Több számla;-;
2025.01.16 15:41;2024.12.14;SZ/DIJ/12/2025;;Albetét előírás;172 000;Több számla;Több számla;-;
2025.01.16 15:41;2024.12.14;SZ/DIJ/13/2025;;Albetét előírás;172 000;Több számla;Több számla;-;
2025.01.16 15:41;2024.12.14;SZ/DIJ/14/2025;;Albetét előírás;172 000;Több számla;Több számla;-;
2025.01.16 15:41;2024.12.14;SZ/DIJ/15/2025;;Albetét előírás;60 000; 0335: Rendkivüli befizetés előírás A5: A5; 0955: Rendkivüli befizetés;-;
2025.01.16 15:41;2024.12.14;SZ/DIJ/16/2025;;Albetét előírás;172 000;Több számla;Több számla;-;
2025.01.16 15:48;2024.12.11;FIZ/DIJ/8/2025;;Albetét befizetés;172 000;Több számla;Több számla;-;
2025.01.16 15:49;2024.12.11;FIZ/DIJ/9/2025;;Albetét befizetés;172 000;Több számla;Több számla;-;
2025.01.16 15:49;2024.12.11;FIZ/DIJ/10/2025;;Albetét befizetés;172 000;Több számla;Több számla;-;
2025.01.16 15:50;2024.12.11;FIZ/DIJ/11/2025;;Albetét befizetés;172 000;Több számla;Több számla;-;
2025.01.16 15:51;2024.12.11;FIZ/DIJ/12/2025;;Albetét befizetés;112 000;Több számla;Több számla;-;
2025.01.16 17:58;2024.12.31;VEGY/1/2025;;Vegyes könyvelési művelet;3 000 000; 956: Tagbetét befizetés; 411: Jegyzett tőke;Jegyzett tőke átvezetése;
2025.01.16 18:06;2024.12.31;VEGY/2/2025;;Vegyes könyvelési művelet;365 519;Több számla; 50: Kiadások átvezetése;2024 eredmény könyvelése;
2025.03.01 13:30;2025.02.21;FIZ/DIJ/15/2025;;Albetét befizetés;2 500 000;Több számla;Több számla;-;
2025.03.01 13:30;2025.02.20;FIZ/DIJ/14/2025;;Albetét befizetés;10 000 000;Több számla;Több számla;-;
2025.03.01 13:31;2025.02.25;FIZ/DIJ/17/2025;;Albetét befizetés;12 500 000;Több számla;Több számla;-;
2025.03.01 13:31;2025.02.24;FIZ/DIJ/16/2025;;Albetét befizetés;12 500 000;Több számla;Több számla;-;
2025.03.01 13:32;2025.02.21;FIZ/DIJ/18/2025;;Albetét befizetés;11 500 000;Több számla;Több számla;-;
2025.03.01 13:32;2025.01.31;NY/SZAL/6/2025;;Kiadás elszámolás;764; 5302: Bank költségek; 382: Folyószámla;-;
2025.03.01 13:33;2025.02.21;NY/SZAL/7/2025;;Kiadás elszámolás;148; 5302: Bank költségek; 382: Folyószámla;-;
2025.03.01 13:36;2025.02.25;NY/SZAL/8/2025;;Kiadás elszámolás;43 000 000; 198: Földvásárlásra adott kölcsönök; 382: Folyószámla;Valenczi Pálnak adott köl;
2025.03.01 16:30;2025.01.01;VEGY/5/2025;;Vegyes könyvelési művelet;5 511; 413: Eredménytartalék; 419: Mérleg szerinti eredmény;-;
2025.03.01 16:35;2025.02.28;VEGY/6/2025;;Vegyes könyvelési művelet;50 000 000; 953: Földvásárlási alap befizetés; 411: Jegyzett tőke;-;
2025.03.01 17:01;2024.12.11;FIZ/DIJ/20/2025;;Albetét befizetés;60 000;Több számla;Több számla;-;
2025.03.01 18:20;2024.12.21;NY/SZAL/9/2025;;Homály kiadás elszámolás;130 000;Több számla; 3831: Pál homály pénztár zsebe;-;
2025.03.02 11:20;2024.12.20;NY/VEV/3/2025;;Homály bevétel elszámolás;30 000; 3831: Pál homály pénztár zsebe; 75: Előírt homály befizetések;-;
2025.03.02 11:21;2024.12.20;NY/VEV/4/2025;;Homály bevétel elszámolás;30 000; 3831: Pál homály pénztár zsebe; 75: Előírt homály befizetések;-;
2025.03.02 11:22;2024.12.20;NY/VEV/5/2025;;Homály bevétel elszámolás;30 000; 3831: Pál homály pénztár zsebe; 75: Előírt homály befizetések;-;
2025.03.02 11:22;2024.12.20;NY/VEV/6/2025;;Homály bevétel elszámolás;30 000; 3831: Pál homály pénztár zsebe; 75: Előírt homály befizetések;-;
2025.03.02 12:01;2025.02.28;NY/SZAL/11/2025;;Kiadás elszámolás;20 000; 5302: Bank költségek; 382: Folyószámla;-;
2025.03.02 12:02;2025.02.28;NY/SZAL/12/2025;;Kiadás elszámolás;764; 5302: Bank költségek; 382: Folyószámla;-;
2025.03.13 12:06;2025.03.12;SZ/SZAL/2/2025;;Szállító számla;80 000; 05304: Jogi költségek; 0454: Szállítók;2025-11;
2025.03.15 12:01;2025.03.14;NY/SZAL/13/2025;;Homály kiadás elszámolás;21 200; 6306: Hatósági díjak; 3831: Pál homály pénztár zsebe;-;
2025.04.07 18:09;2025.03.13;FIZ/SZAL/1/2025;;Szállító számla kifizetés;80 000;Több számla;Több számla;-;
2025.04.07 18:11;2025.03.31;NY/VEV/7/2025;;Bevétel elszámolás;163; 382: Folyószámla; 973: Hitelintézettől kapott kamatok;-;
2025.04.07 18:12;2025.03.31;NY/SZAL/14/2025;;Kiadás elszámolás;764; 5302: Bank költségek; 382: Folyószámla;-;
2025.04.07 18:12;2025.03.31;NY/SZAL/15/2025;;Kiadás elszámolás;360; 5302: Bank költségek; 382: Folyószámla;-;
2025.05.21 14:58;2025.04.30;NY/SZAL/16/2025;;Kiadás elszámolás;792; 5302: Bank költségek; 382: Folyószámla;-;
2025.05.21 15:00;2025.04.28;NY/SZAL/17/2025;;Kiadás elszámolás;30 001; 5113: Üzemanyag; 382: Folyószámla;-;
2025.06.04 10:30;2025.05.27;SZ/SZAL/3/2025;;Szállító számla;160 000; 05304: Jogi költségek; 0454: Szállítók;2025-28;
2025.06.10 13:13;2025.05.16;NY/SZAL/19/2025;;Kiadás elszámolás;31 504; 5113: Üzemanyag; 382: Folyószámla;-;
2025.06.10 13:13;2025.05.12;NY/SZAL/18/2025;;Kiadás elszámolás;31 693; 5113: Üzemanyag; 382: Folyószámla;-;
2025.06.10 13:14;2025.05.30;NY/SZAL/20/2025;;Kiadás elszámolás;792; 5302: Bank költségek; 382: Folyószámla;-;
2025.10.11 13:18;2025.01.05;FIZ/DIJ/21/2025;;Homály albetét befizetés;1 000 000;Több számla;Több számla;-;
2025.10.21 16:53;2025.07.16;NY/SZAL/21/2025;;Kiadás elszámolás;10 600; 5306: Hatósági díjak; 382: Folyószámla;-;
2025.10.21 16:55;2025.07.16;NY/SZAL/22/2025;;Kiadás elszámolás;10 600; 5306: Hatósági díjak; 382: Folyószámla;-;
2025.10.21 16:56;2025.07.16;NY/SZAL/23/2025;;Kiadás elszámolás;1 700 000; 122: Telek; 382: Folyószámla;-;
2025.10.21 16:57;2025.07.16;NY/SZAL/24/2025;;Kiadás elszámolás;1 000 000; 122: Telek; 382: Folyószámla;-;
2025.10.21 17:00;2025.03.28;NY/SZAL/25/2025;;Homály kiadás elszámolás;1 000 000; 129: Ingatlanok homály érték növekedése; 3832: Dániel homály pénztár zsebe;-;
2025.10.21 17:04;2025.05.08;NY/SZAL/26/2025;;Homály kiadás elszámolás;150 000; 621: Földterület költségei; 3832: Dániel homály pénztár zsebe;-;
2025.10.21 17:06;2025.10.10;NY/SZAL/27/2025;;Homály kiadás elszámolás;195 000; 623: Épület költségei; 3832: Dániel homály pénztár zsebe;-;
2025.10.21 17:07;2025.10.16;NY/SZAL/28/2025;;Homály kiadás elszámolás;130 000; 623: Épület költségei; 3832: Dániel homály pénztár zsebe;-;
2025.10.21 17:07;2025.10.10;NY/SZAL/29/2025;;Homály kiadás elszámolás;20 000; 623: Épület költségei; 3832: Dániel homály pénztár zsebe;-;
2025.10.21 17:08;2025.08.04;NY/SZAL/30/2025;;Homály kiadás elszámolás;100 000; 621: Földterület költségei; 3832: Dániel homály pénztár zsebe;+ 2 bála;
2025.10.21 17:09;2025.07.17;NY/SZAL/31/2025;;Kiadás elszámolás;101 600; 5304: Jogi költségek; 382: Folyószámla;-;
2025.10.21 17:10;2025.07.31;NY/SZAL/32/2025;;Kiadás elszámolás;12 703; 5302: Bank költségek; 382: Folyószámla;-;
2025.10.21 17:11;2025.07.31;NY/SZAL/33/2025;;Kiadás elszámolás;792; 5302: Bank költségek; 382: Folyószámla;-;
2025.10.21 17:12;2025.07.28;NY/SZAL/35/2025;;Kiadás elszámolás;30 225; 5113: Üzemanyag; 382: Folyószámla;bányászat;
2025.10.21 17:12;2025.07.17;NY/SZAL/34/2025;;Kiadás elszámolás;31 744; 5113: Üzemanyag; 382: Folyószámla;bányászat;
2025.10.21 17:26;2025.08.15;NY/SZAL/36/2025;;Kiadás elszámolás;24 878; 5113: Üzemanyag; 382: Folyószámla;bányászat;
2025.10.21 17:28;2025.09.18;NY/SZAL/37/2025;;Kiadás elszámolás;31 801; 5113: Üzemanyag; 382: Folyószámla;-;
2025.10.21 17:29;2025.09.30;NY/SZAL/39/2025;;Kiadás elszámolás;792; 5302: Bank költségek; 382: Folyószámla;-;
2025.10.21 17:29;2025.08.29;NY/SZAL/38/2025;;Kiadás elszámolás;792; 5302: Bank költségek; 382: Folyószámla;-;
2025.10.21 17:30;2025.09.30;NY/VEV/8/2025;;Bevétel elszámolás;155; 382: Folyószámla; 973: Hitelintézettől kapott kamatok;-;
2025.10.21 17:52;2025.10.16;NY/VEV/9/2025;;Homály bevétel elszámolás;214 030; 3831: Pál homály pénztár zsebe; 711: Föld alapú támogatások;-;
2025.10.21 17:52;2025.10.16;NY/VEV/10/2025;;Homály bevétel elszámolás;340 428; 3831: Pál homály pénztár zsebe; 711: Föld alapú támogatások;-;
2025.10.21 17:53;2025.10.18;ATV/2/2025;;Átvezetés pénz számlák között;495 000; 3832: Dániel homály pénztár zsebe; 3831: Pál homály pénztár zsebe;-;
2025.10.21 19:04;2025.09.17;NY/SZAL/40/2025;;Kiadás elszámolás;-100 000; 3832: Dániel homály pénztár zsebe; 5113: Üzemanyag;-;
2025.10.24 15:03;2025.10.23;NY/VEV/11/2025;;Homály bevétel elszámolás;149 736; 3831: Pál homály pénztár zsebe; 711: Föld alapú támogatások;-;
2025.10.30 14:01;2025.06.04;FIZ/SZAL/2/2025;;Szállító számla kifizetés;160 000;Több számla;Több számla;-;
2025.10.30 14:02;2025.06.13;NY/SZAL/41/2025;;Kiadás elszámolás;33 005; 5113: Üzemanyag; 382: Folyószámla;-;
2025.10.30 14:03;2025.06.30;NY/SZAL/43/2025;;Kiadás elszámolás;792; 5302: Bank költségek; 382: Folyószámla;-;
2025.10.30 14:03;2025.06.26;NY/SZAL/42/2025;;Kiadás elszámolás;32 001; 5113: Üzemanyag; 382: Folyószámla;-;
2025.10.30 14:04;2025.06.30;NY/SZAL/44/2025;;Kiadás elszámolás;720; 5302: Bank költségek; 382: Folyószámla;-;
2025.10.30 14:04;2025.06.30;NY/VEV/12/2025;;Bevétel elszámolás;219; 382: Folyószámla; 973: Hitelintézettől kapott kamatok;-;
2025.11.05 15:46;2025.11.05;SZ/SZAL/4/2025;;Szállító számla;40 000; 05306: Hatósági díjak; 0454: Szállítók;-;
2025.11.05 15:49;2025.10.10;SZ/SZAL/5/2025;;Szállító számla;68 000; 05306: Hatósági díjak; 0454: Szállítók;-;
2025.11.05 15:50;2025.10.20;FIZ/SZAL/3/2025;;Szállító számla kifizetés;40 000;Több számla;Több számla;-;
2025.11.05 15:51;2025.10.31;NY/SZAL/45/2025;;Kiadás elszámolás;792; 5302: Bank költségek; 382: Folyószámla;-;
2025.11.05 15:51;2025.10.31;NY/SZAL/46/2025;;Kiadás elszámolás;486; 5302: Bank költségek; 382: Folyószámla;-;
2025.11.05 15:51;2025.10.20;FIZ/SZAL/4/2025;;Szállító számla kifizetés;68 000;Több számla;Több számla;-;
Előző1Következő
powered by honlineKöszönettel vesszük visszajelzéseit !
Szabályzat   Adatkezelés
 Küldjön üzenetet
 közös képviselőjének vagy lakótársának.
Keresés
avatarRóka Dániel
(admin)

avatarValenczi Pál
(intéző)

