"Létrehozva","Értéknap","Számla","Oldal","Összeg","tranzakció Egyedi azonosító"
"---","2025.11.05","`05306: Hatósági díjak","T","40 000","SZ/SZAL/4/2025"
"---","2025.11.05","`0454: Szállítók","K","40 000","SZ/SZAL/4/2025"
"---","2025.10.31","`5302: Bank költségek","T","792","NY/SZAL/45/2025"
"---","2025.10.31","`382: Folyószámla","K","792","NY/SZAL/45/2025"
"---","2025.10.31","`5302: Bank költségek","T","486","NY/SZAL/46/2025"
"---","2025.10.31","`382: Folyószámla","K","486","NY/SZAL/46/2025"
"---","2025.10.23","`3831: Pál homály pénztár zsebe","T","149 736","NY/VEV/11/2025"
"---","2025.10.23","`711: Föld alapú támogatások","K","149 736","NY/VEV/11/2025"
"---","2025.10.20","`5306: Hatósági díjak","T","40 000","FIZ/SZAL/3/2025"
"---","2025.10.20","`0454: Szállítók","T","40 000","FIZ/SZAL/3/2025"
"---","2025.10.20","`382: Folyószámla","K","40 000","FIZ/SZAL/3/2025"
"---","2025.10.20","`05306: Hatósági díjak","K","40 000","FIZ/SZAL/3/2025"
"---","2025.10.20","`5306: Hatósági díjak","T","68 000","FIZ/SZAL/4/2025"
"---","2025.10.20","`0454: Szállítók","T","68 000","FIZ/SZAL/4/2025"
"---","2025.10.20","`382: Folyószámla","K","68 000","FIZ/SZAL/4/2025"
"---","2025.10.20","`05306: Hatósági díjak","K","68 000","FIZ/SZAL/4/2025"
"---","2025.10.18","`3832: Dániel homály pénztár zsebe","T","495 000","ATV/2/2025"
"---","2025.10.18","`3831: Pál homály pénztár zsebe","K","495 000","ATV/2/2025"
"---","2025.10.16","`623: Épület költségei","T","130 000","NY/SZAL/28/2025"
"---","2025.10.16","`3832: Dániel homály pénztár zsebe","K","130 000","NY/SZAL/28/2025"
"---","2025.10.16","`3831: Pál homály pénztár zsebe","T","214 030","NY/VEV/9/2025"
"---","2025.10.16","`711: Föld alapú támogatások","K","214 030","NY/VEV/9/2025"
"---","2025.10.16","`3831: Pál homály pénztár zsebe","T","340 428","NY/VEV/10/2025"
"---","2025.10.16","`711: Föld alapú támogatások","K","340 428","NY/VEV/10/2025"
"---","2025.10.10","`623: Épület költségei","T","195 000","NY/SZAL/27/2025"
"---","2025.10.10","`3832: Dániel homály pénztár zsebe","K","195 000","NY/SZAL/27/2025"
"---","2025.10.10","`623: Épület költségei","T","20 000","NY/SZAL/29/2025"
"---","2025.10.10","`3832: Dániel homály pénztár zsebe","K","20 000","NY/SZAL/29/2025"
"---","2025.10.10","`05306: Hatósági díjak","T","68 000","SZ/SZAL/5/2025"
"---","2025.10.10","`0454: Szállítók","K","68 000","SZ/SZAL/5/2025"
"---","2025.09.30","`5302: Bank költségek","T","792","NY/SZAL/39/2025"
"---","2025.09.30","`382: Folyószámla","K","792","NY/SZAL/39/2025"
"---","2025.09.30","`382: Folyószámla","T","155","NY/VEV/8/2025"
"---","2025.09.30","`973: Hitelintézettől kapott kamatok","K","155","NY/VEV/8/2025"
"---","2025.09.18","`5113: Üzemanyag","T","31 801","NY/SZAL/37/2025"
"---","2025.09.18","`382: Folyószámla","K","31 801","NY/SZAL/37/2025"
"---","2025.09.17","`3832: Dániel homály pénztár zsebe","T","100 000","NY/SZAL/40/2025"
"---","2025.09.17","`5113: Üzemanyag","K","100 000","NY/SZAL/40/2025"
"---","2025.08.29","`5302: Bank költségek","T","792","NY/SZAL/38/2025"
"---","2025.08.29","`382: Folyószámla","K","792","NY/SZAL/38/2025"
"---","2025.08.15","`5113: Üzemanyag","T","24 878","NY/SZAL/36/2025"
"---","2025.08.15","`382: Folyószámla","K","24 878","NY/SZAL/36/2025"
"---","2025.08.04","`621: Földterület költségei","T","100 000","NY/SZAL/30/2025"
"---","2025.08.04","`3832: Dániel homály pénztár zsebe","K","100 000","NY/SZAL/30/2025"
"---","2025.07.31","`5302: Bank költségek","T","12 703","NY/SZAL/32/2025"
"---","2025.07.31","`382: Folyószámla","K","12 703","NY/SZAL/32/2025"
"---","2025.07.31","`5302: Bank költségek","T","792","NY/SZAL/33/2025"
"---","2025.07.31","`382: Folyószámla","K","792","NY/SZAL/33/2025"
"---","2025.07.28","`5113: Üzemanyag","T","30 225","NY/SZAL/35/2025"
"---","2025.07.28","`382: Folyószámla","K","30 225","NY/SZAL/35/2025"
"---","2025.07.17","`5304: Jogi költségek","T","101 600","NY/SZAL/31/2025"
"---","2025.07.17","`382: Folyószámla","K","101 600","NY/SZAL/31/2025"
"---","2025.07.17","`5113: Üzemanyag","T","31 744","NY/SZAL/34/2025"
"---","2025.07.17","`382: Folyószámla","K","31 744","NY/SZAL/34/2025"
"---","2025.07.16","`5306: Hatósági díjak","T","10 600","NY/SZAL/21/2025"
"---","2025.07.16","`382: Folyószámla","K","10 600","NY/SZAL/21/2025"
"---","2025.07.16","`5306: Hatósági díjak","T","10 600","NY/SZAL/22/2025"
"---","2025.07.16","`382: Folyószámla","K","10 600","NY/SZAL/22/2025"
"---","2025.07.16","`122: Telek","T","1 700 000","NY/SZAL/23/2025"
"---","2025.07.16","`382: Folyószámla","K","1 700 000","NY/SZAL/23/2025"
"---","2025.07.16","`122: Telek","T","1 000 000","NY/SZAL/24/2025"
"---","2025.07.16","`382: Folyószámla","K","1 000 000","NY/SZAL/24/2025"
"---","2025.06.30","`5302: Bank költségek","T","792","NY/SZAL/43/2025"
"---","2025.06.30","`382: Folyószámla","K","792","NY/SZAL/43/2025"
"---","2025.06.30","`5302: Bank költségek","T","720","NY/SZAL/44/2025"
"---","2025.06.30","`382: Folyószámla","K","720","NY/SZAL/44/2025"
"---","2025.06.30","`382: Folyószámla","T","219","NY/VEV/12/2025"
"---","2025.06.30","`973: Hitelintézettől kapott kamatok","K","219","NY/VEV/12/2025"
"---","2025.06.26","`5113: Üzemanyag","T","32 001","NY/SZAL/42/2025"
"---","2025.06.26","`382: Folyószámla","K","32 001","NY/SZAL/42/2025"
"---","2025.06.13","`5113: Üzemanyag","T","33 005","NY/SZAL/41/2025"
"---","2025.06.13","`382: Folyószámla","K","33 005","NY/SZAL/41/2025"
"---","2025.06.04","`5304: Jogi költségek","T","160 000","FIZ/SZAL/2/2025"
"---","2025.06.04","`0454: Szállítók","T","160 000","FIZ/SZAL/2/2025"
"---","2025.06.04","`382: Folyószámla","K","160 000","FIZ/SZAL/2/2025"
"---","2025.06.04","`05304: Jogi költségek","K","160 000","FIZ/SZAL/2/2025"
"---","2025.05.30","`5302: Bank költségek","T","792","NY/SZAL/20/2025"
"---","2025.05.30","`382: Folyószámla","K","792","NY/SZAL/20/2025"
"---","2025.05.27","`05304: Jogi költségek","T","160 000","SZ/SZAL/3/2025"
"---","2025.05.27","`0454: Szállítók","K","160 000","SZ/SZAL/3/2025"
"---","2025.05.16","`5113: Üzemanyag","T","31 504","NY/SZAL/19/2025"
"---","2025.05.16","`382: Folyószámla","K","31 504","NY/SZAL/19/2025"
"---","2025.05.12","`5113: Üzemanyag","T","31 693","NY/SZAL/18/2025"
"---","2025.05.12","`382: Folyószámla","K","31 693","NY/SZAL/18/2025"
"---","2025.05.08","`621: Földterület költségei","T","150 000","NY/SZAL/26/2025"
"---","2025.05.08","`3832: Dániel homály pénztár zsebe","K","150 000","NY/SZAL/26/2025"
"---","2025.04.30","`5302: Bank költségek","T","792","NY/SZAL/16/2025"
"---","2025.04.30","`382: Folyószámla","K","792","NY/SZAL/16/2025"
"---","2025.04.28","`5113: Üzemanyag","T","30 001","NY/SZAL/17/2025"
"---","2025.04.28","`382: Folyószámla","K","30 001","NY/SZAL/17/2025"
"---","2025.03.31","`382: Folyószámla","T","163","NY/VEV/7/2025"
"---","2025.03.31","`973: Hitelintézettől kapott kamatok","K","163","NY/VEV/7/2025"
"---","2025.03.31","`5302: Bank költségek","T","764","NY/SZAL/14/2025"
"---","2025.03.31","`382: Folyószámla","K","764","NY/SZAL/14/2025"
"---","2025.03.31","`5302: Bank költségek","T","360","NY/SZAL/15/2025"
"---","2025.03.31","`382: Folyószámla","K","360","NY/SZAL/15/2025"
"---","2025.03.28","`129: Ingatlanok homály érték növekedése","T","1 000 000","NY/SZAL/25/2025"
"---","2025.03.28","`3832: Dániel homály pénztár zsebe","K","1 000 000","NY/SZAL/25/2025"
"---","2025.03.14","`6306: Hatósági díjak","T","21 200","NY/SZAL/13/2025"
"---","2025.03.14","`3831: Pál homály pénztár zsebe","K","21 200","NY/SZAL/13/2025"
"---","2025.03.13","`5304: Jogi költségek","T","80 000","FIZ/SZAL/1/2025"
"---","2025.03.13","`0454: Szállítók","T","80 000","FIZ/SZAL/1/2025"
"---","2025.03.13","`382: Folyószámla","K","80 000","FIZ/SZAL/1/2025"
"---","2025.03.13","`05304: Jogi költségek","K","80 000","FIZ/SZAL/1/2025"
"---","2025.03.12","`05304: Jogi költségek","T","80 000","SZ/SZAL/2/2025"
"---","2025.03.12","`0454: Szállítók","K","80 000","SZ/SZAL/2/2025"
"---","2025.02.28","`953: Földvásárlási alap befizetés","T","50 000 000","VEGY/6/2025"
"---","2025.02.28","`411: Jegyzett tőke","K","50 000 000","VEGY/6/2025"
"---","2025.02.28","`5302: Bank költségek","T","20 000","NY/SZAL/11/2025"
"---","2025.02.28","`382: Folyószámla","K","20 000","NY/SZAL/11/2025"
"---","2025.02.28","`5302: Bank költségek","T","764","NY/SZAL/12/2025"
"---","2025.02.28","`382: Folyószámla","K","764","NY/SZAL/12/2025"
"---","2025.02.25","`382: Folyószámla","T","12 500 000","FIZ/DIJ/17/2025"
"---","2025.02.25","`0953: Földvásárlási alap befizetés","T","12 500 000","FIZ/DIJ/17/2025"
"---","2025.02.25","`953: Földvásárlási alap befizetés","K","12 500 000","FIZ/DIJ/17/2025"
"---","2025.02.25","`0333: Földvásárlási alap előírás","K","12 500 000","FIZ/DIJ/17/2025"
"---","2025.02.25","`198: Földvásárlásra adott kölcsönök","T","43 000 000","NY/SZAL/8/2025"
"---","2025.02.25","`382: Folyószámla","K","43 000 000","NY/SZAL/8/2025"
"---","2025.02.24","`382: Folyószámla","T","12 500 000","FIZ/DIJ/16/2025"
"---","2025.02.24","`0953: Földvásárlási alap befizetés","T","12 500 000","FIZ/DIJ/16/2025"
"---","2025.02.24","`953: Földvásárlási alap befizetés","K","12 500 000","FIZ/DIJ/16/2025"
"---","2025.02.24","`0333: Földvásárlási alap előírás","K","12 500 000","FIZ/DIJ/16/2025"
"---","2025.02.21","`382: Folyószámla","T","2 500 000","FIZ/DIJ/15/2025"
"---","2025.02.21","`0953: Földvásárlási alap befizetés","T","2 500 000","FIZ/DIJ/15/2025"
"---","2025.02.21","`953: Földvásárlási alap befizetés","K","2 500 000","FIZ/DIJ/15/2025"
"---","2025.02.21","`0333: Földvásárlási alap előírás","K","2 500 000","FIZ/DIJ/15/2025"
"---","2025.02.21","`382: Folyószámla","T","11 500 000","FIZ/DIJ/18/2025"
"---","2025.02.21","`0953: Földvásárlási alap befizetés","T","11 500 000","FIZ/DIJ/18/2025"
"---","2025.02.21","`953: Földvásárlási alap befizetés","K","11 500 000","FIZ/DIJ/18/2025"
"---","2025.02.21","`0333: Földvásárlási alap előírás","K","11 500 000","FIZ/DIJ/18/2025"
"---","2025.02.21","`5302: Bank költségek","T","148","NY/SZAL/7/2025"
"---","2025.02.21","`382: Folyószámla","K","148","NY/SZAL/7/2025"
"---","2025.02.20","`382: Folyószámla","T","10 000 000","FIZ/DIJ/14/2025"
"---","2025.02.20","`0953: Földvásárlási alap befizetés","T","10 000 000","FIZ/DIJ/14/2025"
"---","2025.02.20","`953: Földvásárlási alap befizetés","K","10 000 000","FIZ/DIJ/14/2025"
"---","2025.02.20","`0333: Földvásárlási alap előírás","K","10 000 000","FIZ/DIJ/14/2025"
"---","2025.01.31","`5302: Bank költségek","T","764","NY/SZAL/6/2025"
"---","2025.01.31","`382: Folyószámla","K","764","NY/SZAL/6/2025"
"---","2025.01.16","`0333: Földvásárlási alap előírás","T","12 500 000","SZ/DIJ/7/2025"
"---","2025.01.16","`0953: Földvásárlási alap befizetés","K","12 500 000","SZ/DIJ/7/2025"
"---","2025.01.16","`0333: Földvásárlási alap előírás","T","12 500 000","SZ/DIJ/8/2025"
"---","2025.01.16","`0953: Földvásárlási alap befizetés","K","12 500 000","SZ/DIJ/8/2025"
"---","2025.01.16","`0333: Földvásárlási alap előírás","T","12 500 000","SZ/DIJ/9/2025"
"---","2025.01.16","`0953: Földvásárlási alap befizetés","K","12 500 000","SZ/DIJ/9/2025"
"---","2025.01.16","`0333: Földvásárlási alap előírás","T","12 500 000","SZ/DIJ/10/2025"
"---","2025.01.16","`0953: Földvásárlási alap befizetés","K","12 500 000","SZ/DIJ/10/2025"
"---","2025.01.16","`0198: Földvásárlásra adott kölcsönök","T","43 000 000","SZ/SZAL/1/2025"
"---","2025.01.16","`0454: Szállítók","K","43 000 000","SZ/SZAL/1/2025"
"---","2025.01.16","`0198: Földvásárlásra adott kölcsönök","T","-43 000 000","SZ/SZAL/1/2025/STORNO"
"---","2025.01.16","`0454: Szállítók","K","-43 000 000","SZ/SZAL/1/2025/STORNO"
"---","2025.01.06","`3816: Laci pénztár zsebe","T","1 000 000","FIZ/DIJ/19/2025"
"---","2025.01.06","`0953: Földvásárlási alap befizetés","T","1 000 000","FIZ/DIJ/19/2025"
"---","2025.01.06","`953: Földvásárlási alap befizetés","K","1 000 000","FIZ/DIJ/19/2025"
"---","2025.01.06","`0333: Földvásárlási alap előírás","K","1 000 000","FIZ/DIJ/19/2025"
"---","2025.01.06","`3816: Laci pénztár zsebe","T","-1 000 000","FIZ/DIJ/19/2025/STORNO"
"---","2025.01.06","`0953: Földvásárlási alap befizetés","T","-1 000 000","FIZ/DIJ/19/2025/STORNO"
"---","2025.01.06","`953: Földvásárlási alap befizetés","K","-1 000 000","FIZ/DIJ/19/2025/STORNO"
"---","2025.01.06","`0333: Földvásárlási alap előírás","K","-1 000 000","FIZ/DIJ/19/2025/STORNO"
"---","2025.01.05","`192: Tagoknak adott kölcsönök","T","1 000 000","NY/SZAL/10/2025"
"---","2025.01.05","`3816: Laci pénztár zsebe","K","1 000 000","NY/SZAL/10/2025"
"---","2025.01.05","`3832: Dániel homály pénztár zsebe","T","1 000 000","FIZ/DIJ/21/2025"
"---","2025.01.05","`0953: Földvásárlási alap befizetés","T","1 000 000","FIZ/DIJ/21/2025"
"---","2025.01.05","`953: Földvásárlási alap befizetés","K","1 000 000","FIZ/DIJ/21/2025"
"---","2025.01.05","`0333: Földvásárlási alap előírás","K","1 000 000","FIZ/DIJ/21/2025"
"---","2025.01.05","`192: Tagoknak adott kölcsönök","T","-1 000 000","NY/SZAL/10/2025/STORNO"
"---","2025.01.05","`3816: Laci pénztár zsebe","K","-1 000 000","NY/SZAL/10/2025/STORNO"
"---","2025.01.01","`413: Eredménytartalék","T","5 511","VEGY/5/2025"
"---","2025.01.01","`419: Mérleg szerinti eredmény","K","5 511","VEGY/5/2025"
"---","2024.12.31","`5302: Bank költségek","T","255","NY/SZAL/2/2025"
"---","2024.12.31","`382: Folyószámla","K","255","NY/SZAL/2/2025"
"---","2024.12.31","`5302: Bank költségek","T","764","NY/SZAL/3/2025"
"---","2024.12.31","`382: Folyószámla","K","764","NY/SZAL/3/2025"
"---","2024.12.31","`382: Folyószámla","T","7","NY/VEV/2/2025"
"---","2024.12.31","`973: Hitelintézettől kapott kamatok","K","7","NY/VEV/2/2025"
"---","2024.12.31","`956: Tagbetét befizetés","T","3 000 000","VEGY/1/2025"
"---","2024.12.31","`411: Jegyzett tőke","K","3 000 000","VEGY/1/2025"
"---","2024.12.31","`90: Bevételek átvezetése","T","360 008","VEGY/2/2025"
"---","2024.12.31","`419: Mérleg szerinti eredmény","T","5 511","VEGY/2/2025"
"---","2024.12.31","`50: Kiadások átvezetése","K","365 519","VEGY/2/2025"
"---","2024.12.31","`954: Egyéb befizetés","T","560 000","VEGY/4/2025"
"---","2024.12.31","`75: Előírt homály befizetések","K","560 000","VEGY/4/2025"
"---","2024.12.31","`954: Egyéb befizetés","T","-560 000","VEGY/4/2025/STORNO"
"---","2024.12.31","`75: Előírt homály befizetések","K","-560 000","VEGY/4/2025/STORNO"
"---","2024.12.23","`382: Folyószámla","T","3 000 000","ATV/1/2025"
"---","2024.12.23","`3811: Pál pénztár zsebe","K","3 000 000","ATV/1/2025"
"---","2024.12.23","`5302: Bank költségek","T","4 500","NY/SZAL/1/2025"
"---","2024.12.23","`382: Folyószámla","K","4 500","NY/SZAL/1/2025"
"---","2024.12.23","`382: Folyószámla","T","1","NY/VEV/1/2025"
"---","2024.12.23","`973: Hitelintézettől kapott kamatok","K","1","NY/VEV/1/2025"
"---","2024.12.21","`6304: Jogi költségek","T","120 000","NY/SZAL/9/2025"
"---","2024.12.21","`6304: Jogi költségek","T","10 000","NY/SZAL/9/2025"
"---","2024.12.21","`3831: Pál homály pénztár zsebe","K","130 000","NY/SZAL/9/2025"
"---","2024.12.20","`3831: Pál homály pénztár zsebe","T","30 000","NY/VEV/3/2025"
"---","2024.12.20","`75: Előírt homály befizetések","K","30 000","NY/VEV/3/2025"
"---","2024.12.20","`3831: Pál homály pénztár zsebe","T","30 000","NY/VEV/4/2025"
"---","2024.12.20","`75: Előírt homály befizetések","K","30 000","NY/VEV/4/2025"
"---","2024.12.20","`3831: Pál homály pénztár zsebe","T","30 000","NY/VEV/5/2025"
"---","2024.12.20","`75: Előírt homály befizetések","K","30 000","NY/VEV/5/2025"
"---","2024.12.20","`3831: Pál homály pénztár zsebe","T","30 000","NY/VEV/6/2025"
"---","2024.12.20","`75: Előírt homály befizetések","K","30 000","NY/VEV/6/2025"
"---","2024.12.14","`0336: Tagbetét előírás","T","500 000","SZ/DIJ/1/2025"
"---","2024.12.14","`0956: Tagbetét befizetés","K","500 000","SZ/DIJ/1/2025"
"---","2024.12.14","`0336: Tagbetét előírás","T","500 000","SZ/DIJ/2/2025"
"---","2024.12.14","`0956: Tagbetét befizetés","K","500 000","SZ/DIJ/2/2025"
"---","2024.12.14","`0336: Tagbetét előírás","T","500 000","SZ/DIJ/3/2025"
"---","2024.12.14","`0956: Tagbetét befizetés","K","500 000","SZ/DIJ/3/2025"
"---","2024.12.14","`0336: Tagbetét előírás","T","500 000","SZ/DIJ/4/2025"
"---","2024.12.14","`0956: Tagbetét befizetés","K","500 000","SZ/DIJ/4/2025"
"---","2024.12.14","`0336: Tagbetét előírás","T","500 000","SZ/DIJ/5/2025"
"---","2024.12.14","`0956: Tagbetét befizetés","K","500 000","SZ/DIJ/5/2025"
"---","2024.12.14","`0336: Tagbetét előírás","T","500 000","SZ/DIJ/6/2025"
"---","2024.12.14","`0956: Tagbetét befizetés","K","500 000","SZ/DIJ/6/2025"
"---","2024.12.14","`0334: Egyéb előírás","T","112 000","SZ/DIJ/11/2025"
"---","2024.12.14","`0335: Rendkivüli befizetés előírás","T","60 000","SZ/DIJ/11/2025"
"---","2024.12.14","`0954: Egyéb befizetés","K","112 000","SZ/DIJ/11/2025"
"---","2024.12.14","`0955: Rendkivüli befizetés","K","60 000","SZ/DIJ/11/2025"
"---","2024.12.14","`0334: Egyéb előírás","T","112 000","SZ/DIJ/12/2025"
"---","2024.12.14","`0335: Rendkivüli befizetés előírás","T","60 000","SZ/DIJ/12/2025"
"---","2024.12.14","`0954: Egyéb befizetés","K","112 000","SZ/DIJ/12/2025"
"---","2024.12.14","`0955: Rendkivüli befizetés","K","60 000","SZ/DIJ/12/2025"
"---","2024.12.14","`0334: Egyéb előírás","T","112 000","SZ/DIJ/13/2025"
"---","2024.12.14","`0335: Rendkivüli befizetés előírás","T","60 000","SZ/DIJ/13/2025"
"---","2024.12.14","`0954: Egyéb befizetés","K","112 000","SZ/DIJ/13/2025"
"---","2024.12.14","`0955: Rendkivüli befizetés","K","60 000","SZ/DIJ/13/2025"
"---","2024.12.14","`0334: Egyéb előírás","T","112 000","SZ/DIJ/14/2025"
"---","2024.12.14","`0335: Rendkivüli befizetés előírás","T","60 000","SZ/DIJ/14/2025"
"---","2024.12.14","`0954: Egyéb befizetés","K","112 000","SZ/DIJ/14/2025"
"---","2024.12.14","`0955: Rendkivüli befizetés","K","60 000","SZ/DIJ/14/2025"
"---","2024.12.14","`0335: Rendkivüli befizetés előírás","T","60 000","SZ/DIJ/15/2025"
"---","2024.12.14","`0955: Rendkivüli befizetés","K","60 000","SZ/DIJ/15/2025"
"---","2024.12.14","`0335: Rendkivüli befizetés előírás","T","60 000","SZ/DIJ/16/2025"
"---","2024.12.14","`0334: Egyéb előírás","T","112 000","SZ/DIJ/16/2025"
"---","2024.12.14","`0955: Rendkivüli befizetés","K","60 000","SZ/DIJ/16/2025"
"---","2024.12.14","`0954: Egyéb befizetés","K","112 000","SZ/DIJ/16/2025"
"---","2024.12.11","`3811: Pál pénztár zsebe","T","395 000","FIZ/DIJ/1/2025"
"---","2024.12.11","`0956: Tagbetét befizetés","T","395 000","FIZ/DIJ/1/2025"
"---","2024.12.11","`956: Tagbetét befizetés","K","395 000","FIZ/DIJ/1/2025"
"---","2024.12.11","`0336: Tagbetét előírás","K","395 000","FIZ/DIJ/1/2025"
"---","2024.12.11","`3811: Pál pénztár zsebe","T","500 000","FIZ/DIJ/3/2025"
"---","2024.12.11","`0956: Tagbetét befizetés","T","500 000","FIZ/DIJ/3/2025"
"---","2024.12.11","`956: Tagbetét befizetés","K","500 000","FIZ/DIJ/3/2025"
"---","2024.12.11","`0336: Tagbetét előírás","K","500 000","FIZ/DIJ/3/2025"
"---","2024.12.11","`3811: Pál pénztár zsebe","T","245 000","FIZ/DIJ/4/2025"
"---","2024.12.11","`0956: Tagbetét befizetés","T","245 000","FIZ/DIJ/4/2025"
"---","2024.12.11","`956: Tagbetét befizetés","K","245 000","FIZ/DIJ/4/2025"
"---","2024.12.11","`0336: Tagbetét előírás","K","245 000","FIZ/DIJ/4/2025"
"---","2024.12.11","`3811: Pál pénztár zsebe","T","500 000","FIZ/DIJ/5/2025"
"---","2024.12.11","`0956: Tagbetét befizetés","T","500 000","FIZ/DIJ/5/2025"
"---","2024.12.11","`956: Tagbetét befizetés","K","500 000","FIZ/DIJ/5/2025"
"---","2024.12.11","`0336: Tagbetét előírás","K","500 000","FIZ/DIJ/5/2025"
"---","2024.12.11","`3811: Pál pénztár zsebe","T","500 000","FIZ/DIJ/6/2025"
"---","2024.12.11","`0956: Tagbetét befizetés","T","500 000","FIZ/DIJ/6/2025"
"---","2024.12.11","`956: Tagbetét befizetés","K","500 000","FIZ/DIJ/6/2025"
"---","2024.12.11","`0336: Tagbetét előírás","K","500 000","FIZ/DIJ/6/2025"
"---","2024.12.11","`3811: Pál pénztár zsebe","T","172 000","FIZ/DIJ/8/2025"
"---","2024.12.11","`0955: Rendkivüli befizetés","T","60 000","FIZ/DIJ/8/2025"
"---","2024.12.11","`0954: Egyéb befizetés","T","112 000","FIZ/DIJ/8/2025"
"---","2024.12.11","`955: Rendkivüli befizetés","K","60 000","FIZ/DIJ/8/2025"
"---","2024.12.11","`0335: Rendkivüli befizetés előírás","K","60 000","FIZ/DIJ/8/2025"
"---","2024.12.11","`954: Egyéb befizetés","K","112 000","FIZ/DIJ/8/2025"
"---","2024.12.11","`0334: Egyéb előírás","K","112 000","FIZ/DIJ/8/2025"
"---","2024.12.11","`3811: Pál pénztár zsebe","T","172 000","FIZ/DIJ/9/2025"
"---","2024.12.11","`0954: Egyéb befizetés","T","112 000","FIZ/DIJ/9/2025"
"---","2024.12.11","`0955: Rendkivüli befizetés","T","60 000","FIZ/DIJ/9/2025"
"---","2024.12.11","`954: Egyéb befizetés","K","112 000","FIZ/DIJ/9/2025"
"---","2024.12.11","`0334: Egyéb előírás","K","112 000","FIZ/DIJ/9/2025"
"---","2024.12.11","`955: Rendkivüli befizetés","K","60 000","FIZ/DIJ/9/2025"
"---","2024.12.11","`0335: Rendkivüli befizetés előírás","K","60 000","FIZ/DIJ/9/2025"
"---","2024.12.11","`3811: Pál pénztár zsebe","T","172 000","FIZ/DIJ/10/2025"
"---","2024.12.11","`0954: Egyéb befizetés","T","112 000","FIZ/DIJ/10/2025"
"---","2024.12.11","`0955: Rendkivüli befizetés","T","60 000","FIZ/DIJ/10/2025"
"---","2024.12.11","`954: Egyéb befizetés","K","112 000","FIZ/DIJ/10/2025"
"---","2024.12.11","`0334: Egyéb előírás","K","112 000","FIZ/DIJ/10/2025"
"---","2024.12.11","`955: Rendkivüli befizetés","K","60 000","FIZ/DIJ/10/2025"
"---","2024.12.11","`0335: Rendkivüli befizetés előírás","K","60 000","FIZ/DIJ/10/2025"
"---","2024.12.11","`3811: Pál pénztár zsebe","T","172 000","FIZ/DIJ/11/2025"
"---","2024.12.11","`0954: Egyéb befizetés","T","112 000","FIZ/DIJ/11/2025"
"---","2024.12.11","`0955: Rendkivüli befizetés","T","60 000","FIZ/DIJ/11/2025"
"---","2024.12.11","`954: Egyéb befizetés","K","112 000","FIZ/DIJ/11/2025"
"---","2024.12.11","`0334: Egyéb előírás","K","112 000","FIZ/DIJ/11/2025"
"---","2024.12.11","`955: Rendkivüli befizetés","K","60 000","FIZ/DIJ/11/2025"
"---","2024.12.11","`0335: Rendkivüli befizetés előírás","K","60 000","FIZ/DIJ/11/2025"
"---","2024.12.11","`3811: Pál pénztár zsebe","T","112 000","FIZ/DIJ/12/2025"
"---","2024.12.11","`0954: Egyéb befizetés","T","112 000","FIZ/DIJ/12/2025"
"---","2024.12.11","`954: Egyéb befizetés","K","112 000","FIZ/DIJ/12/2025"
"---","2024.12.11","`0334: Egyéb előírás","K","112 000","FIZ/DIJ/12/2025"
"---","2024.12.11","`3811: Pál pénztár zsebe","T","60 000","FIZ/DIJ/20/2025"
"---","2024.12.11","`0955: Rendkivüli befizetés","T","60 000","FIZ/DIJ/20/2025"
"---","2024.12.11","`955: Rendkivüli befizetés","K","60 000","FIZ/DIJ/20/2025"
"---","2024.12.11","`0335: Rendkivüli befizetés előírás","K","60 000","FIZ/DIJ/20/2025"
"---","2024.12.10","`5304: Jogi költségek","T","250 000","NY/SZAL/4/2025"
"---","2024.12.10","`5304: Jogi költségek","T","5 000","NY/SZAL/4/2025"
"---","2024.12.10","`3811: Pál pénztár zsebe","K","255 000","NY/SZAL/4/2025"
"---","2024.12.10","`3811: Pál pénztár zsebe","T","255 000","FIZ/DIJ/2/2025"
"---","2024.12.10","`0956: Tagbetét befizetés","T","255 000","FIZ/DIJ/2/2025"
"---","2024.12.10","`956: Tagbetét befizetés","K","255 000","FIZ/DIJ/2/2025"
"---","2024.12.10","`0336: Tagbetét előírás","K","255 000","FIZ/DIJ/2/2025"
"---","2024.12.10","`5306: Hatósági díjak","T","100 000","NY/SZAL/5/2025"
"---","2024.12.10","`5306: Hatósági díjak","T","5 000","NY/SZAL/5/2025"
"---","2024.12.10","`3812: Dániel pénztár zsebe","K","105 000","NY/SZAL/5/2025"
"---","2024.12.10","`3812: Dániel pénztár zsebe","T","105 000","FIZ/DIJ/7/2025"
"---","2024.12.10","`0956: Tagbetét befizetés","T","105 000","FIZ/DIJ/7/2025"
"---","2024.12.10","`956: Tagbetét befizetés","K","105 000","FIZ/DIJ/7/2025"
"---","2024.12.10","`0336: Tagbetét előírás","K","105 000","FIZ/DIJ/7/2025"
"---","2024.12.10","`192: Tagoknak adott kölcsönök","T","560 000","VEGY/3/2025"
"---","2024.12.10","`3811: Pál pénztár zsebe","K","560 000","VEGY/3/2025"
"---","2024.12.10","`3836: Laci homály pénztár zsebe","T","560 000","FIZ/DIJ/13/2025"
"---","2024.12.10","`0956: Tagbetét befizetés","T","500 000","FIZ/DIJ/13/2025"
"---","2024.12.10","`0955: Rendkivüli befizetés","T","60 000","FIZ/DIJ/13/2025"
"---","2024.12.10","`956: Tagbetét befizetés","K","500 000","FIZ/DIJ/13/2025"
"---","2024.12.10","`0336: Tagbetét előírás","K","500 000","FIZ/DIJ/13/2025"
"---","2024.12.10","`955: Rendkivüli befizetés","K","60 000","FIZ/DIJ/13/2025"
"---","2024.12.10","`0335: Rendkivüli befizetés előírás","K","60 000","FIZ/DIJ/13/2025"
"---","2024.12.10","`192: Tagoknak adott kölcsönök","T","-560 000","VEGY/3/2025/STORNO"
"---","2024.12.10","`3811: Pál pénztár zsebe","K","-560 000","VEGY/3/2025/STORNO"
"---","2024.12.10","`3836: Laci homály pénztár zsebe","T","-560 000","FIZ/DIJ/13/2025/STORNO"
"---","2024.12.10","`0956: Tagbetét befizetés","T","-500 000","FIZ/DIJ/13/2025/STORNO"
"---","2024.12.10","`0955: Rendkivüli befizetés","T","-60 000","FIZ/DIJ/13/2025/STORNO"
"---","2024.12.10","`956: Tagbetét befizetés","K","-500 000","FIZ/DIJ/13/2025/STORNO"
"---","2024.12.10","`0336: Tagbetét előírás","K","-500 000","FIZ/DIJ/13/2025/STORNO"
"---","2024.12.10","`955: Rendkivüli befizetés","K","-60 000","FIZ/DIJ/13/2025/STORNO"
"---","2024.12.10","`0335: Rendkivüli befizetés előírás","K","-60 000","FIZ/DIJ/13/2025/STORNO"