Kód;Elnevezés;Számla típus;Gyűjtő
0;Technikai Számlák;Technikai;=IF(EXACT(A3;LEFT(A4;LEN(A3)));1;0)
1;BEFEKTETETT ESZKÖZÖK;Eszköz;=IF(EXACT(A3;LEFT(A4;LEN(A3)));1;0)
12;INGATLANOK ÉS KAPCSOLÓDÓ VAGYONI ÉRTÉKŰ JOGOK;Eszköz;=IF(EXACT(A3;LEFT(A4;LEN(A3)));1;0)
121;Földterület;Eszköz;=IF(EXACT(A3;LEFT(A4;LEN(A3)));1;0)
122;Telek;Eszköz;=IF(EXACT(A3;LEFT(A4;LEN(A3)));1;0)
123;Épület;Eszköz;=IF(EXACT(A3;LEFT(A4;LEN(A3)));1;0)
129;Ingatlanok homály érték növekedése;Eszköz;=IF(EXACT(A3;LEFT(A4;LEN(A3)));1;0)
13;Műszaki berendezések;Eszköz;=IF(EXACT(A3;LEFT(A4;LEN(A3)));1;0)
14;Egyéb berendezésekberendezések;Eszköz;=IF(EXACT(A3;LEFT(A4;LEN(A3)));1;0)
16;Beruházások;Eszköz;=IF(EXACT(A3;LEFT(A4;LEN(A3)));1;0)
18;Hitelviszonyt metestesítő értékpapírok;Eszköz;=IF(EXACT(A3;LEFT(A4;LEN(A3)));1;0)
19;TARTÓSAN ADOTT KÖLCSÖNÖK;Eszköz;=IF(EXACT(A3;LEFT(A4;LEN(A3)));1;0)
192;Tagoknak adott kölcsönök;Eszköz;=IF(EXACT(A3;LEFT(A4;LEN(A3)));1;0)
198;Földvásárlásra adott kölcsönök;Eszköz;=IF(EXACT(A3;LEFT(A4;LEN(A3)));1;0)
2;KÉSZLETEK;Eszköz;=IF(EXACT(A3;LEFT(A4;LEN(A3)));1;0)
21;Anyagok;Eszköz;=IF(EXACT(A3;LEFT(A4;LEN(A3)));1;0)
22;Közvetített szolgáltatások;Eszköz;=IF(EXACT(A3;LEFT(A4;LEN(A3)));1;0)
3;Követelések;Eszköz;=IF(EXACT(A3;LEFT(A4;LEN(A3)));1;0)
31;Vevők;Követelés;=IF(EXACT(A3;LEFT(A4;LEN(A3)));1;0)
33;Követelések Albetétekkel Szemben;Követelés;=IF(EXACT(A3;LEFT(A4;LEN(A3)));1;0)
331;Közös költség előírás;Követelés;=IF(EXACT(A3;LEFT(A4;LEN(A3)));1;0)
332;Fogyasztás előírás;Követelés;=IF(EXACT(A3;LEFT(A4;LEN(A3)));1;0)
3321;Hidegvíz előírás;Követelés;=IF(EXACT(A3;LEFT(A4;LEN(A3)));1;0)
3322;Melegvíz előírás;Követelés;=IF(EXACT(A3;LEFT(A4;LEN(A3)));1;0)
3323;Csatornadíj előírás;Követelés;=IF(EXACT(A3;LEFT(A4;LEN(A3)));1;0)
3324;Fűtési díj előírás;Követelés;=IF(EXACT(A3;LEFT(A4;LEN(A3)));1;0)
3325;Légkondícionáló előírás;Követelés;=IF(EXACT(A3;LEFT(A4;LEN(A3)));1;0)
3326;Villany fogyasztás előírás;Követelés;=IF(EXACT(A3;LEFT(A4;LEN(A3)));1;0)
3329;Egyéb fogyasztás előírás;Követelés;=IF(EXACT(A3;LEFT(A4;LEN(A3)));1;0)
333;Földvásárlási alap előírás;Követelés;=IF(EXACT(A3;LEFT(A4;LEN(A3)));1;0)
334;Egyéb előírás;Követelés;=IF(EXACT(A3;LEFT(A4;LEN(A3)));1;0)
335;Rendkivüli befizetés előírás;Követelés;=IF(EXACT(A3;LEFT(A4;LEN(A3)));1;0)
336;Tagbetét előírás;Eszköz;=IF(EXACT(A3;LEFT(A4;LEN(A3)));1;0)
34;Hátralékok;Eszköz;=IF(EXACT(A3;LEFT(A4;LEN(A3)));1;0)
341;Jelzáloggal nem terhelt hátralék;Eszköz;=IF(EXACT(A3;LEFT(A4;LEN(A3)));1;0)
342;Jelzáloggal terhelt hátralék;Eszköz;=IF(EXACT(A3;LEFT(A4;LEN(A3)));1;0)
343;Közös tulajdon hasznosításának hátraléka;Eszköz;=IF(EXACT(A3;LEFT(A4;LEN(A3)));1;0)
36;Egyéb követelések;Eszköz;=IF(EXACT(A3;LEFT(A4;LEN(A3)));1;0)
38;Pénz eszközök;Eszköz;=IF(EXACT(A3;LEFT(A4;LEN(A3)));1;0)
381;Pénztár;Pénztár;=IF(EXACT(A3;LEFT(A4;LEN(A3)));1;0)
3811;Pál pénztár zsebe;Bank;=IF(EXACT(A3;LEFT(A4;LEN(A3)));1;0)
3812;Dániel pénztár zsebe;Bank;=IF(EXACT(A3;LEFT(A4;LEN(A3)));1;0)
3816;Laci pénztár zsebe;Bank;=IF(EXACT(A3;LEFT(A4;LEN(A3)));1;0)
382;Folyószámla;Bank;=IF(EXACT(A3;LEFT(A4;LEN(A3)));1;0)
383;Homály pénztár;Bank;=IF(EXACT(A3;LEFT(A4;LEN(A3)));1;0)
3831;Pál homály pénztár zsebe;Pénztár;=IF(EXACT(A3;LEFT(A4;LEN(A3)));1;0)
3832;Dániel homály pénztár zsebe;Pénztár;=IF(EXACT(A3;LEFT(A4;LEN(A3)));1;0)
3836;Laci homály pénztár zsebe;Pénztár;=IF(EXACT(A3;LEFT(A4;LEN(A3)));1;0)
384;Homály bankszámla;Bank;=IF(EXACT(A3;LEFT(A4;LEN(A3)));1;0)
39;Aktív időbeli elhatárolások;Eszköz;=IF(EXACT(A3;LEFT(A4;LEN(A3)));1;0)
4;Források;Forrás;=IF(EXACT(A3;LEFT(A4;LEN(A3)));1;0)
41;Saját tőke;Saját tőke;=IF(EXACT(A3;LEFT(A4;LEN(A3)));1;0)
411;Jegyzett tőke;Forrás;=IF(EXACT(A3;LEFT(A4;LEN(A3)));1;0)
413;Eredménytartalék;Saját tőke;=IF(EXACT(A3;LEFT(A4;LEN(A3)));1;0)
414;Fejlesztési tartalék;Saját tőke;=IF(EXACT(A3;LEFT(A4;LEN(A3)));1;0)
419;Mérleg szerinti eredmény;Saját tőke;=IF(EXACT(A3;LEFT(A4;LEN(A3)));1;0)
43;Nem azonosított tételek;Forrás;=IF(EXACT(A3;LEFT(A4;LEN(A3)));1;0)
431;Nem azonosított bevételek;Forrás;=IF(EXACT(A3;LEFT(A4;LEN(A3)));1;0)
432;---;Forrás;=IF(EXACT(A3;LEFT(A4;LEN(A3)));1;0)
433;---;Forrás;=IF(EXACT(A3;LEFT(A4;LEN(A3)));1;0)
434;Nem azonosított kiadások;Forrás;=IF(EXACT(A3;LEFT(A4;LEN(A3)));1;0)
44;Hosszú lejáratú kötelezettségek;Forrás;=IF(EXACT(A3;LEFT(A4;LEN(A3)));1;0)
441;Hosszú lejáratú bank hitel;Forrás;=IF(EXACT(A3;LEFT(A4;LEN(A3)));1;0)
442;Beruházási és fejlesztési hitelek;Forrás;=IF(EXACT(A3;LEFT(A4;LEN(A3)));1;0)
443;Egyéb hitel;Forrás;=IF(EXACT(A3;LEFT(A4;LEN(A3)));1;0)
45;Rövid lejáratú kötelezettségek;Forrás;=IF(EXACT(A3;LEFT(A4;LEN(A3)));1;0)
451;Rövid lejáratú bank Hitel;Forrás;=IF(EXACT(A3;LEFT(A4;LEN(A3)));1;0)
452;Egyéb rövid lejáratú kötelezettségek;Forrás;=IF(EXACT(A3;LEFT(A4;LEN(A3)));1;0)
454;Szállítók;Tartozás;=IF(EXACT(A3;LEFT(A4;LEN(A3)));1;0)
455;Beruházási szállítók;Tartozás;=IF(EXACT(A3;LEFT(A4;LEN(A3)));1;0)
46;Eredményt terhelő adók elszámolása;Tartozás;=IF(EXACT(A3;LEFT(A4;LEN(A3)));1;0)
461;Társasági adó kötelezettség;Tartozás;=IF(EXACT(A3;LEFT(A4;LEN(A3)));1;0)
466;Előzetesen felszámított ÁFA;Kiadás;=IF(EXACT(A3;LEFT(A4;LEN(A3)));1;0)
467;Fizetendő ÁFA;Tartozás;=IF(EXACT(A3;LEFT(A4;LEN(A3)));1;0)
468;ÁFA elszámolási számla;Követelés;=IF(EXACT(A3;LEFT(A4;LEN(A3)));1;0)
48;Passzív időbeli elhatárolások;Forrás;=IF(EXACT(A3;LEFT(A4;LEN(A3)));1;0)
49;Évi mérlegszámlák;Mérleg;=IF(EXACT(A3;LEFT(A4;LEN(A3)));1;0)
491;Nyitómérleg számla;Mérleg;=IF(EXACT(A3;LEFT(A4;LEN(A3)));1;0)
492;Zárómérleg számla;Mérleg;=IF(EXACT(A3;LEFT(A4;LEN(A3)));1;0)
493;Adózott eredmény elszámolása;Mérleg;=IF(EXACT(A3;LEFT(A4;LEN(A3)));1;0)
494;Előző évi eredmény elszámolása;Mérleg;=IF(EXACT(A3;LEFT(A4;LEN(A3)));1;0)
5;KIADÁSOK;Kiadás;=IF(EXACT(A3;LEFT(A4;LEN(A3)));1;0)
50;Kiadások átvezetése;Kiadás;=IF(EXACT(A3;LEFT(A4;LEN(A3)));1;0)
51;Anyagköltség;Kiadás;=IF(EXACT(A3;LEFT(A4;LEN(A3)));1;0)
5101;Víz díj;Kiadás;=IF(EXACT(A3;LEFT(A4;LEN(A3)));1;0)
5102;Áram díj;Kiadás;=IF(EXACT(A3;LEFT(A4;LEN(A3)));1;0)
5103;Gáz díj;Kiadás;=IF(EXACT(A3;LEFT(A4;LEN(A3)));1;0)
5104;Irodai anyagok;Kiadás;=IF(EXACT(A3;LEFT(A4;LEN(A3)));1;0)
5105;Karbantartási segédanyagok;Kiadás;=IF(EXACT(A3;LEFT(A4;LEN(A3)));1;0)
5106;Égők,felszerelési anyagok;Kiadás;=IF(EXACT(A3;LEFT(A4;LEN(A3)));1;0)
5113;Üzemanyag;Kiadás;=IF(EXACT(A3;LEFT(A4;LEN(A3)));1;0)
5199;Egyéb anyagok;Kiadás;=IF(EXACT(A3;LEFT(A4;LEN(A3)));1;0)
52;Szolgáltatások költségei;Kiadás;=IF(EXACT(A3;LEFT(A4;LEN(A3)));1;0)
5201;Csatorna díj;Kiadás;=IF(EXACT(A3;LEFT(A4;LEN(A3)));1;0)
5204;Kertészet;Kiadás;=IF(EXACT(A3;LEFT(A4;LEN(A3)));1;0)
5205;Biztonsági költségek;Kiadás;=IF(EXACT(A3;LEFT(A4;LEN(A3)));1;0)
5206;Kártevő mentesítés;Kiadás;=IF(EXACT(A3;LEFT(A4;LEN(A3)));1;0)
522;Szemét díjak;Kiadás;=IF(EXACT(A3;LEFT(A4;LEN(A3)));1;0)
5221;Szemét szállítás;Kiadás;=IF(EXACT(A3;LEFT(A4;LEN(A3)));1;0)
5222;Kuka ki-be húzás;Kiadás;=IF(EXACT(A3;LEFT(A4;LEN(A3)));1;0)
5223;Rendkívüli szemét szállítás;Kiadás;=IF(EXACT(A3;LEFT(A4;LEN(A3)));1;0)
523;Takarítás;Kiadás;=IF(EXACT(A3;LEFT(A4;LEN(A3)));1;0)
5231;Épület takarítás;Kiadás;=IF(EXACT(A3;LEFT(A4;LEN(A3)));1;0)
5232;Garázs takarítás;Kiadás;=IF(EXACT(A3;LEFT(A4;LEN(A3)));1;0)
5233;Udvaros takarítás;Kiadás;=IF(EXACT(A3;LEFT(A4;LEN(A3)));1;0)
5234;Nagytakarítás;Kiadás;=IF(EXACT(A3;LEFT(A4;LEN(A3)));1;0)
5235;Alpin takarítás;Kiadás;=IF(EXACT(A3;LEFT(A4;LEN(A3)));1;0)
5236;Szőnyeg tisztítás;Kiadás;=IF(EXACT(A3;LEFT(A4;LEN(A3)));1;0)
5237;Sikosság mentesítés;Kiadás;=IF(EXACT(A3;LEFT(A4;LEN(A3)));1;0)
5238;Rendkívüli takarítás;Kiadás;=IF(EXACT(A3;LEFT(A4;LEN(A3)));1;0)
5239;Egyéb takarítás;Kiadás;=IF(EXACT(A3;LEFT(A4;LEN(A3)));1;0)
527;Üzemeltetés;Kiadás;=IF(EXACT(A3;LEFT(A4;LEN(A3)));1;0)
5271;Közösképviseleti díj;Kiadás;=IF(EXACT(A3;LEFT(A4;LEN(A3)));1;0)
5272;Könyvelési díj;Kiadás;=IF(EXACT(A3;LEFT(A4;LEN(A3)));1;0)
5273;Gazdasági ellenőrzés;Kiadás;=IF(EXACT(A3;LEFT(A4;LEN(A3)));1;0)
5274;Gondnokság;Kiadás;=IF(EXACT(A3;LEFT(A4;LEN(A3)));1;0)
5275;Posta, nyomtatás;Kiadás;=IF(EXACT(A3;LEFT(A4;LEN(A3)));1;0)
5276;Telefon, internet;Kiadás;=IF(EXACT(A3;LEFT(A4;LEN(A3)));1;0)
5277;Weboldal;Kiadás;=IF(EXACT(A3;LEFT(A4;LEN(A3)));1;0)
5279;Egyéb üzemeltetési költségek;Kiadás;=IF(EXACT(A3;LEFT(A4;LEN(A3)));1;0)
5299;Egyéb megbízási-, vállalkozási díjak;Kiadás;=IF(EXACT(A3;LEFT(A4;LEN(A3)));1;0)
53;Adminisztratív költségek;Kiadás;=IF(EXACT(A3;LEFT(A4;LEN(A3)));1;0)
5301;Biztosítás díja;Kiadás;=IF(EXACT(A3;LEFT(A4;LEN(A3)));1;0)
5302;Bank költségek;Kiadás;=IF(EXACT(A3;LEFT(A4;LEN(A3)));1;0)
5303;Beszedési költségek;Kiadás;=IF(EXACT(A3;LEFT(A4;LEN(A3)));1;0)
5304;Jogi költségek;Kiadás;=IF(EXACT(A3;LEFT(A4;LEN(A3)));1;0)
5305;Szakvélemények;Kiadás;=IF(EXACT(A3;LEFT(A4;LEN(A3)));1;0)
5306;Hatósági díjak;Kiadás;=IF(EXACT(A3;LEFT(A4;LEN(A3)));1;0)
5307;Pályázati költségek;Kiadás;=IF(EXACT(A3;LEFT(A4;LEN(A3)));1;0)
5308;Bérleti díjak;Kiadás;=IF(EXACT(A3;LEFT(A4;LEN(A3)));1;0)
54;Bérköltség;Kiadás;=IF(EXACT(A3;LEFT(A4;LEN(A3)));1;0)
55;Karbantartások, javítások;Kiadás;=IF(EXACT(A3;LEFT(A4;LEN(A3)));1;0)
551;Tűzvédelmi rendszer;Kiadás;=IF(EXACT(A3;LEFT(A4;LEN(A3)));1;0)
5510;Hő- és füstelvezető rendszer;Kiadás;=IF(EXACT(A3;LEFT(A4;LEN(A3)));1;0)
55101;Hő- és füstelvezető rendszer karbantartás;Kiadás;=IF(EXACT(A3;LEFT(A4;LEN(A3)));1;0)
55102;Hő- és füstelvezető rendszer javítás;Kiadás;=IF(EXACT(A3;LEFT(A4;LEN(A3)));1;0)
5511;Tűzjelző rendszer;Kiadás;=IF(EXACT(A3;LEFT(A4;LEN(A3)));1;0)
55111;Tűzjelző rendszer karbantartás;Kiadás;=IF(EXACT(A3;LEFT(A4;LEN(A3)));1;0)
55112;Tűzjelző rendszer javítás;Kiadás;=IF(EXACT(A3;LEFT(A4;LEN(A3)));1;0)
5512;CO rendszer;Kiadás;=IF(EXACT(A3;LEFT(A4;LEN(A3)));1;0)
55121;CO rendszer karbantartás;Kiadás;=IF(EXACT(A3;LEFT(A4;LEN(A3)));1;0)
55122;CO rendszer javítás;Kiadás;=IF(EXACT(A3;LEFT(A4;LEN(A3)));1;0)
5513;Tűzoltó készülékek és fali tűzcsapok;Kiadás;=IF(EXACT(A3;LEFT(A4;LEN(A3)));1;0)
55131;Tűzoltó készülékek és fali tűzcsapok karbantartása;Kiadás;=IF(EXACT(A3;LEFT(A4;LEN(A3)));1;0)
55132;Tűzoltó készülékek javítása, cseréje;Kiadás;=IF(EXACT(A3;LEFT(A4;LEN(A3)));1;0)
5514;Tüzivíz nyomásfokozó szivattyú;Kiadás;=IF(EXACT(A3;LEFT(A4;LEN(A3)));1;0)
55141;Tüzivíz nyomásfokozó szivattyú karbantartás;Kiadás;=IF(EXACT(A3;LEFT(A4;LEN(A3)));1;0)
55142;Tüzivíz nyomásfokozó szivattyú javítás;Kiadás;=IF(EXACT(A3;LEFT(A4;LEN(A3)));1;0)
5515;Tűzgátló ajtók;Kiadás;=IF(EXACT(A3;LEFT(A4;LEN(A3)));1;0)
55151;Tűzgátló ajtók karbantartása;Kiadás;=IF(EXACT(A3;LEFT(A4;LEN(A3)));1;0)
55152;Tűzgátló ajtók javítása;Kiadás;=IF(EXACT(A3;LEFT(A4;LEN(A3)));1;0)
5516;Tűzgátló lezárások, tűz- és füstcsappantyúk;Kiadás;=IF(EXACT(A3;LEFT(A4;LEN(A3)));1;0)
55161;Tűzgátló lezárások, tűz- és füstcsappantyúk karbantartás;Kiadás;=IF(EXACT(A3;LEFT(A4;LEN(A3)));1;0)
55162;Tűzgátló lezárások, tűz- és füstcsappantyúk javítás;Kiadás;=IF(EXACT(A3;LEFT(A4;LEN(A3)));1;0)
5517;Irányfények, biztonsági világítás;Kiadás;=IF(EXACT(A3;LEFT(A4;LEN(A3)));1;0)
55171;Irányfények, biztonsági világítás karbantartás;Kiadás;=IF(EXACT(A3;LEFT(A4;LEN(A3)));1;0)
55172;Irányfények, biztonsági világítás javítás, csere;Kiadás;=IF(EXACT(A3;LEFT(A4;LEN(A3)));1;0)
5518;Tűzvédelmi ellenőrzések;Kiadás;=IF(EXACT(A3;LEFT(A4;LEN(A3)));1;0)
55181;Tűzvédelmi megbízotti feladatok;Kiadás;=IF(EXACT(A3;LEFT(A4;LEN(A3)));1;0)
5519;Tűzjelző átjelzés;Kiadás;=IF(EXACT(A3;LEFT(A4;LEN(A3)));1;0)
55190;Tűzriasztás átjelzés;Kiadás;=IF(EXACT(A3;LEFT(A4;LEN(A3)));1;0)
55191;Tűzriasztás átjelzés karbantartás;Kiadás;=IF(EXACT(A3;LEFT(A4;LEN(A3)));1;0)
55192;Tűzriasztás átjelzés javítás;Kiadás;=IF(EXACT(A3;LEFT(A4;LEN(A3)));1;0)
55193;Tűzoltósági kivonulás;Kiadás;=IF(EXACT(A3;LEFT(A4;LEN(A3)));1;0)
552;Lift költségek;Kiadás;=IF(EXACT(A3;LEFT(A4;LEN(A3)));1;0)
5521;Lift karbantartás;Kiadás;=IF(EXACT(A3;LEFT(A4;LEN(A3)));1;0)
5522;Lift javítás;Kiadás;=IF(EXACT(A3;LEFT(A4;LEN(A3)));1;0)
5523;Lift ellenőrzés;Kiadás;=IF(EXACT(A3;LEFT(A4;LEN(A3)));1;0)
5524;Lift felülvizsgálat;Kiadás;=IF(EXACT(A3;LEFT(A4;LEN(A3)));1;0)
5525;Lift távfelügyelet;Kiadás;=IF(EXACT(A3;LEFT(A4;LEN(A3)));1;0)
553;Gépészeti munkák;Kiadás;=IF(EXACT(A3;LEFT(A4;LEN(A3)));1;0)
5531;Kazán;Kiadás;=IF(EXACT(A3;LEFT(A4;LEN(A3)));1;0)
55311;Kazán karbantartás;Kiadás;=IF(EXACT(A3;LEFT(A4;LEN(A3)));1;0)
55312;Kazán javítás;Kiadás;=IF(EXACT(A3;LEFT(A4;LEN(A3)));1;0)
5532;Klíma rendszer;Kiadás;=IF(EXACT(A3;LEFT(A4;LEN(A3)));1;0)
55321;Klíma rendszer karbantartás;Kiadás;=IF(EXACT(A3;LEFT(A4;LEN(A3)));1;0)
55322;Klíma rendszer javítás;Kiadás;=IF(EXACT(A3;LEFT(A4;LEN(A3)));1;0)
55323;Klíma szivárgás vizsgálat;Kiadás;=IF(EXACT(A3;LEFT(A4;LEN(A3)));1;0)
5533;Kamerarendszer;Kiadás;=IF(EXACT(A3;LEFT(A4;LEN(A3)));1;0)
55331;Kamerarendszer karbantartás;Kiadás;=IF(EXACT(A3;LEFT(A4;LEN(A3)));1;0)
55332;Kamerarendszer javítás;Kiadás;=IF(EXACT(A3;LEFT(A4;LEN(A3)));1;0)
5534;Villanyszerelési munkák;Kiadás;=IF(EXACT(A3;LEFT(A4;LEN(A3)));1;0)
55341;Villanyszerelési karbantartás;Kiadás;=IF(EXACT(A3;LEFT(A4;LEN(A3)));1;0)
55342;Villanyszerelési javítás;Kiadás;=IF(EXACT(A3;LEFT(A4;LEN(A3)));1;0)
5535;Szellőző rendszer;Kiadás;=IF(EXACT(A3;LEFT(A4;LEN(A3)));1;0)
55351;Szellőző rendszer karbantartás;Kiadás;=IF(EXACT(A3;LEFT(A4;LEN(A3)));1;0)
55352;Szellőző rendszer javítás;Kiadás;=IF(EXACT(A3;LEFT(A4;LEN(A3)));1;0)
5536;Garázskapu és beléptető rendszer;Kiadás;=IF(EXACT(A3;LEFT(A4;LEN(A3)));1;0)
55361;Garázskapu és beléptető rendszer karbantartás;Kiadás;=IF(EXACT(A3;LEFT(A4;LEN(A3)));1;0)
55362;Garázskapu és beléptető rendszer javítás;Kiadás;=IF(EXACT(A3;LEFT(A4;LEN(A3)));1;0)
5537;Esővíz szivattyú, purátor;Kiadás;=IF(EXACT(A3;LEFT(A4;LEN(A3)));1;0)
55371;Esővíz szivattyú, purátor karbantartás;Kiadás;=IF(EXACT(A3;LEFT(A4;LEN(A3)));1;0)
55372;Esővíz szivattyú, purátor javítás;Kiadás;=IF(EXACT(A3;LEFT(A4;LEN(A3)));1;0)
5538;Kaputelefon;Kiadás;=IF(EXACT(A3;LEFT(A4;LEN(A3)));1;0)
55381;Kaputelefon karbantartás;Kiadás;=IF(EXACT(A3;LEFT(A4;LEN(A3)));1;0)
55382;Kaputelefon javítás;Kiadás;=IF(EXACT(A3;LEFT(A4;LEN(A3)));1;0)
5539;Egyéb gépészet;Kiadás;=IF(EXACT(A3;LEFT(A4;LEN(A3)));1;0)
55391;Egyéb gépészeti karbantartás;Kiadás;=IF(EXACT(A3;LEFT(A4;LEN(A3)));1;0)
55392;Egyéb gépészeti javítások;Kiadás;=IF(EXACT(A3;LEFT(A4;LEN(A3)));1;0)
554;Szakipari munkák;Kiadás;=IF(EXACT(A3;LEFT(A4;LEN(A3)));1;0)
5541;Vízvezeték szerelés;Kiadás;=IF(EXACT(A3;LEFT(A4;LEN(A3)));1;0)
5542;Lakatos munkák (Ajtók, rácsok);Kiadás;=IF(EXACT(A3;LEFT(A4;LEN(A3)));1;0)
5543;Bádogos munkák (Tető);Kiadás;=IF(EXACT(A3;LEFT(A4;LEN(A3)));1;0)
5544;Festés, mázolás;Kiadás;=IF(EXACT(A3;LEFT(A4;LEN(A3)));1;0)
5545;Homlokzat javítások;Kiadás;=IF(EXACT(A3;LEFT(A4;LEN(A3)));1;0)
5546;Burkolat javítások;Kiadás;=IF(EXACT(A3;LEFT(A4;LEN(A3)));1;0)
5547;Üveges munkák;Kiadás;=IF(EXACT(A3;LEFT(A4;LEN(A3)));1;0)
5549;Egyéb szakipari javítások;Kiadás;=IF(EXACT(A3;LEFT(A4;LEN(A3)));1;0)
555;Kémény;Kiadás;=IF(EXACT(A3;LEFT(A4;LEN(A3)));1;0)
5551;Kémény karbantartás, tisztítás;Kiadás;=IF(EXACT(A3;LEFT(A4;LEN(A3)));1;0)
5552;Kémény javítás;Kiadás;=IF(EXACT(A3;LEFT(A4;LEN(A3)));1;0)
56;Bérjárulékok;Kiadás;=IF(EXACT(A3;LEFT(A4;LEN(A3)));1;0)
57;Értékcsökenési leírás;Kiadás;=IF(EXACT(A3;LEFT(A4;LEN(A3)));1;0)
571;Tervezett értékcsökenés;Kiadás;=IF(EXACT(A3;LEFT(A4;LEN(A3)));1;0)
572;Terven felüli écs;Kiadás;=IF(EXACT(A3;LEFT(A4;LEN(A3)));1;0)
573;Értékhatár alatti tárgyi eszközök écs;Kiadás;=IF(EXACT(A3;LEFT(A4;LEN(A3)));1;0)
58;Felújítási munkák;Kiadás;=IF(EXACT(A3;LEFT(A4;LEN(A3)));1;0)
59;Költségnemek átvezetése;Kiadás;=IF(EXACT(A3;LEFT(A4;LEN(A3)));1;0)
6;Nem számlázható kiadások;Kiadás;=IF(EXACT(A3;LEFT(A4;LEN(A3)));1;0)
61;Tagoknak adott kölcsönök;Kiadás;=IF(EXACT(A3;LEFT(A4;LEN(A3)));1;0)
62;Ingatlan fenntartási költségek;Kiadás;=IF(EXACT(A3;LEFT(A4;LEN(A3)));1;0)
621;Földterület költségei;Kiadás;=IF(EXACT(A3;LEFT(A4;LEN(A3)));1;0)
622;Telek költségei;Kiadás;=IF(EXACT(A3;LEFT(A4;LEN(A3)));1;0)
623;Épület költségei;Kiadás;=IF(EXACT(A3;LEFT(A4;LEN(A3)));1;0)
63;Adminisztratív költségek;Kiadás;=IF(EXACT(A3;LEFT(A4;LEN(A3)));1;0)
6304;Jogi költségek;Kiadás;=IF(EXACT(A3;LEFT(A4;LEN(A3)));1;0)
6306;Hatósági díjak;Kiadás;=IF(EXACT(A3;LEFT(A4;LEN(A3)));1;0)
7;Nem számlázható Bevételek;Bevétel;=IF(EXACT(A3;LEFT(A4;LEN(A3)));1;0)
71;Föld hozadékai;Bevétel;=IF(EXACT(A3;LEFT(A4;LEN(A3)));1;0)
711;Föld alapú támogatások;Bevétel;=IF(EXACT(A3;LEFT(A4;LEN(A3)));1;0)
712;Bálák hozama;Bevétel;=IF(EXACT(A3;LEFT(A4;LEN(A3)));1;0)
75;Előírt homály befizetések;Bevétel;=IF(EXACT(A3;LEFT(A4;LEN(A3)));1;0)
8;Kiadások;Kiadás;=IF(EXACT(A3;LEFT(A4;LEN(A3)));1;0)
80;Kiadások átvezetése;Kiadás;=IF(EXACT(A3;LEFT(A4;LEN(A3)));1;0)
86;Egyéb ráfordítások;Kiadás;=IF(EXACT(A3;LEFT(A4;LEN(A3)));1;0)
861;Adók;Kiadás;=IF(EXACT(A3;LEFT(A4;LEN(A3)));1;0)
862;Bírságok;Kiadás;=IF(EXACT(A3;LEFT(A4;LEN(A3)));1;0)
863;Késedelmi kamat;Kiadás;=IF(EXACT(A3;LEFT(A4;LEN(A3)));1;0)
869;Egyéb ráfordítás;Kiadás;=IF(EXACT(A3;LEFT(A4;LEN(A3)));1;0)
87;Pénzügyi ráfordítások;Kiadás;=IF(EXACT(A3;LEFT(A4;LEN(A3)));1;0)
871;Kamat költségek;Kiadás;=IF(EXACT(A3;LEFT(A4;LEN(A3)));1;0)
89;Eredményt terhelő adók;Kiadás;=IF(EXACT(A3;LEFT(A4;LEN(A3)));1;0)
891;Társasági adó;Kiadás;=IF(EXACT(A3;LEFT(A4;LEN(A3)));1;0)
9;Bevételek;Bevétel;=IF(EXACT(A3;LEFT(A4;LEN(A3)));1;0)
90;Bevételek átvezetése;Kiadás;=IF(EXACT(A3;LEFT(A4;LEN(A3)));1;0)
91;Értékesítés árbevétele;Bevétel;=IF(EXACT(A3;LEFT(A4;LEN(A3)));1;0)
911;Bérleti díj bevételek;Bevétel;=IF(EXACT(A3;LEFT(A4;LEN(A3)));1;0)
915;Egyéb adóköteles bevételek;Bevétel;=IF(EXACT(A3;LEFT(A4;LEN(A3)));1;0)
95;Albetétek befizetései;Bevétel;=IF(EXACT(A3;LEFT(A4;LEN(A3)));1;0)
951;Közös költség befizetés;Bevétel;=IF(EXACT(A3;LEFT(A4;LEN(A3)));1;0)
952;Fogyasztás befizetés;Bevétel;=IF(EXACT(A3;LEFT(A4;LEN(A3)));1;0)
9521;Hidegvíz befizetés;Bevétel;=IF(EXACT(A3;LEFT(A4;LEN(A3)));1;0)
9522;Melegvíz befizetés;Bevétel;=IF(EXACT(A3;LEFT(A4;LEN(A3)));1;0)
9523;Csatornadíj befizetés;Bevétel;=IF(EXACT(A3;LEFT(A4;LEN(A3)));1;0)
9524;Fűtési díj befizetés;Bevétel;=IF(EXACT(A3;LEFT(A4;LEN(A3)));1;0)
9525;Légkondícionáló befizetés;Bevétel;=IF(EXACT(A3;LEFT(A4;LEN(A3)));1;0)
9526;Villany befizetés;Bevétel;=IF(EXACT(A3;LEFT(A4;LEN(A3)));1;0)
9529;Egyéb fogyasztás befizetés;Bevétel;=IF(EXACT(A3;LEFT(A4;LEN(A3)));1;0)
953;Földvásárlási alap befizetés;Bevétel;=IF(EXACT(A3;LEFT(A4;LEN(A3)));1;0)
954;Egyéb befizetés;Bevétel;=IF(EXACT(A3;LEFT(A4;LEN(A3)));1;0)
955;Rendkivüli befizetés;Bevétel;=IF(EXACT(A3;LEFT(A4;LEN(A3)));1;0)
956;Tagbetét befizetés;Bevétel;=IF(EXACT(A3;LEFT(A4;LEN(A3)));1;0)
96;Egyéb bevételek;Bevétel;=IF(EXACT(A3;LEFT(A4;LEN(A3)));1;0)
966;Támogatások;Bevétel;=IF(EXACT(A3;LEFT(A4;LEN(A3)));1;0)
967;Biztosítói kártérítés;Bevétel;=IF(EXACT(A3;LEFT(A4;LEN(A3)));1;0)
968;Kártérítések;Bevétel;=IF(EXACT(A3;LEFT(A4;LEN(A3)));1;0)
969;Különféle egyéb bevételek;Bevétel;=IF(EXACT(A3;LEFT(A4;LEN(A3)));1;0)
97;Pénzügyi műveletek bevételei;Bevétel;=IF(EXACT(A3;LEFT(A4;LEN(A3)));1;0)
973;Hitelintézettől kapott kamatok;Bevétel;=IF(EXACT(A3;LEFT(A4;LEN(A3)));1;0)
974;Egyéb pénzügyi bevételek;Bevétel;=IF(EXACT(A3;LEFT(A4;LEN(A3)));1;0)
98;Rendkívüli bevételek;Bevétel;=IF(EXACT(A3;LEFT(A4;LEN(A3)));1;0)
981;Tovább hárított szolgáltatások;Bevétel;=IF(EXACT(A3;LEFT(A4;LEN(A3)));1;0)
99;Kerekítési nyereség-veszteség;Bevétel;=IF(EXACT(A3;LEFT(A4;LEN(A3)));1;0)
